"eez_country","eez_iso","continent","nutrient","other_country","your_country","<NA>","pop","total","per_capita"
"Albania","ALB","Europe","Calcium",0,6954655885.68646,NA,2873457,6954655885.68646,0
"Albania","ALB","Europe","DHA+EPA",0,45894891.481133,NA,2873457,45894891.481133,0
"Albania","ALB","Europe","Iron",0,133772145.490555,NA,2873457,133772145.490555,0
"Albania","ALB","Europe","Protein",0,1082005544.0955,NA,2873457,1082005544.0955,0
"Albania","ALB","Europe","Vitamin A, RAE",0,1900195168.95962,NA,2873457,1900195168.95962,0
"Albania","ALB","Europe","Vitamin B12",0,130108094.41027,NA,2873457,130108094.41027,0
"Albania","ALB","Europe","Zinc",0,57171548.4781533,NA,2873457,57171548.4781533,0
"Algeria","DZA","Africa","Calcium",2214672.17501477,91997946643.2936,NA,41318142,92000161315.4686,0.000146850625568799
"Algeria","DZA","Africa","DHA+EPA",51741.8552642717,441899981.85446,NA,41318142,441951723.709725,3.43090227952039e-06
"Algeria","DZA","Africa","Iron",98778.0422927258,1501371516.32559,NA,41318142,1501470294.36789,6.54978080584379e-06
"Algeria","DZA","Africa","Protein",911868.129036892,9015929332.57795,NA,41318142,9016841200.70698,6.04642107739602e-05
"Algeria","DZA","Africa","Vitamin A, RAE",896157.310501803,85566639073.1716,NA,41318142,85567535230.4821,5.94224568041835e-05
"Algeria","DZA","Africa","Vitamin B12",203460.428044147,2111105363.48967,NA,41318142,2111308823.91771,1.34910671989543e-05
"Algeria","DZA","Africa","Zinc",51626.9267959641,760051168.415175,NA,41318142,760102795.341971,3.42328159522362e-06
"Angola","AGO","Africa","Calcium",170474462971.236,227079478137.193,NA,29784193,397553941108.428,15.6812482113873
"Angola","AGO","Africa","DHA+EPA",1000416269.51152,2178699260.18002,NA,29784193,3179115529.69154,0.0920241986013316
"Angola","AGO","Africa","Iron",2871725028.35086,3707922278.16731,NA,29784193,6579647306.51817,0.264158233318626
"Angola","AGO","Africa","Protein",24247544696.3058,40673187695.9505,NA,29784193,64920732392.2563,2.23043240771866
"Angola","AGO","Africa","Vitamin A, RAE",49537417574.744,165941421943.964,NA,29784193,215478839518.708,4.55674431936338
"Angola","AGO","Africa","Vitamin B12",2844888590.50972,9130655553.34674,NA,29784193,11975544143.8565,0.261689659225113
"Angola","AGO","Africa","Zinc",1170630729.9236,1531307851.33441,NA,29784193,2701938581.25801,0.107681530241318
"Argentina","ARG","Americas","Calcium",0,147653358100.113,NA,44271041,147653358100.113,0
"Argentina","ARG","Americas","DHA+EPA",0,1188375508.15264,NA,44271041,1188375508.15264,0
"Argentina","ARG","Americas","Iron",0,3537450530.31412,NA,44271041,3537450530.31412,0
"Argentina","ARG","Americas","Protein",0,82587598017.7196,NA,44271041,82587598017.7196,0
"Argentina","ARG","Americas","Vitamin A, RAE",0,74802865446.4919,NA,44271041,74802865446.4919,0
"Argentina","ARG","Americas","Vitamin B12",0,4203168157.0659,NA,44271041,4203168157.0659,0
"Argentina","ARG","Americas","Zinc",0,1900514963.59679,NA,44271041,1900514963.59679,0
"Australia","AUS","Oceania","Calcium",0,48757066448.9685,NA,24598933,48757066448.9685,0
"Australia","AUS","Oceania","DHA+EPA",0,225706591.945648,NA,24598933,225706591.945648,0
"Australia","AUS","Oceania","Iron",0,601120454.708885,NA,24598933,601120454.708885,0
"Australia","AUS","Oceania","Protein",0,7328089147.67984,NA,24598933,7328089147.67984,0
"Australia","AUS","Oceania","Vitamin A, RAE",0,31972116683.5528,NA,24598933,31972116683.5528,0
"Australia","AUS","Oceania","Vitamin B12",0,857221360.984719,NA,24598933,857221360.984719,0
"Australia","AUS","Oceania","Zinc",0,415739881.176247,NA,24598933,415739881.176247,0
"Bangladesh","BGD","Asia","Calcium",562713981.463123,209496176084.497,NA,164669751,210058890065.96,0.00936226678933193
"Bangladesh","BGD","Asia","DHA+EPA",3501683.71829451,1336499993.81871,NA,164669751,1340001677.537,5.82599655641957e-05
"Bangladesh","BGD","Asia","Iron",6097828.20362458,3673188119.69153,NA,164669751,3679285947.89515,0.000101453840420681
"Bangladesh","BGD","Asia","Protein",89244543.5862724,31347636150.3806,NA,164669751,31436880693.9669,0.00148482400308299
"Bangladesh","BGD","Asia","Vitamin A, RAE",13729602038.1416,77001462952.6844,NA,164669751,90731064990.8259,0.228429009100177
"Bangladesh","BGD","Asia","Vitamin B12",9783362.51554404,4123577482.88998,NA,164669751,4133360845.40552,0.000162772657130566
"Bangladesh","BGD","Asia","Zinc",3628455.8074518,1813241136.70701,NA,164669751,1816869592.51446,6.03691616375642e-05
"Belgium","BEL","Europe","Calcium",905850776.410491,83744480.3109769,NA,11372068,989595256.721468,0.218234972660191
"Belgium","BEL","Europe","DHA+EPA",8377435.64044849,1207490.08384064,NA,11372068,9584925.72428913,0.00201826778269196
"Belgium","BEL","Europe","Iron",33566804.8651533,1584204.92112598,NA,11372068,35151009.7862793,0.00808681841733848
"Belgium","BEL","Europe","Protein",251611821.377673,24581430.4043413,NA,11372068,276193251.782015,0.0606175988245271
"Belgium","BEL","Europe","Vitamin A, RAE",265941065.668802,22746786.0481783,NA,11372068,288687851.71698,0.0640697592879836
"Belgium","BEL","Europe","Vitamin B12",79721126.2622059,3088848.6326021,NA,11372068,82809974.894808,0.0192061852386029
"Belgium","BEL","Europe","Zinc",19562237.3158317,800245.61494726,NA,11372068,20362482.930779,0.0047128781439142
"Brazil","BRA","Americas","Calcium",0,155007743024.042,NA,209288278,155007743024.042,0
"Brazil","BRA","Americas","DHA+EPA",0,1375141116.129,NA,209288278,1375141116.129,0
"Brazil","BRA","Americas","Iron",0,2168838091.53808,NA,209288278,2168838091.53808,0
"Brazil","BRA","Americas","Protein",0,24844520697.1199,NA,209288278,24844520697.1199,0
"Brazil","BRA","Americas","Vitamin A, RAE",0,100153327832.731,NA,209288278,100153327832.731,0
"Brazil","BRA","Americas","Vitamin B12",0,2898828837.5662,NA,209288278,2898828837.5662,0
"Brazil","BRA","Americas","Zinc",0,967754917.041284,NA,209288278,967754917.041284,0
"Brunei Darussalam","BRN","Asia","Calcium",1878578940.52753,7942138427.75802,NA,428697,9820717368.28554,12.0056627825332
"Brunei Darussalam","BRN","Asia","DHA+EPA",11333741.0239933,32953698.6093578,NA,428697,44287439.6333511,0.0724319164146577
"Brunei Darussalam","BRN","Asia","Iron",36290636.0236857,101005962.383423,NA,428697,137296598.407108,0.231926978879937
"Brunei Darussalam","BRN","Asia","Protein",293691473.743711,867852535.763461,NA,428697,1161544009.50717,1.87692980039586
"Brunei Darussalam","BRN","Asia","Vitamin A, RAE",1128244543.10769,2961710694.1398,NA,428697,4089955237.24749,7.21040954338625
"Brunei Darussalam","BRN","Asia","Vitamin B12",48634952.5126412,120575337.72192,NA,428697,169210290.234562,0.310817302757222
"Brunei Darussalam","BRN","Asia","Zinc",19795505.1477638,71212219.0455604,NA,428697,91007724.1933242,0.126509540955045
"Bulgaria","BGR","Europe","Calcium",25740740.7381667,0,NA,7075991,25740740.7381667,0.00996645944926162
"Bulgaria","BGR","Europe","DHA+EPA",2933333.33304,0,NA,7075991,2933333.33304,0.00113574617033312
"Bulgaria","BGR","Europe","Iron",1199999.99988,0,NA,7075991,1199999.99988,0.000464623433318096
"Bulgaria","BGR","Europe","Protein",63416666.660325,0,NA,7075991,63416666.660325,0.0245540578302132
"Bulgaria","BGR","Europe","Vitamin A, RAE",34509803.9181177,0,NA,7075991,34509803.9181177,0.0133617196509779
"Bulgaria","BGR","Europe","Vitamin B12",4196428.57100892,0,NA,7075991,4196428.57100892,0.00162479920877608
"Bulgaria","BGR","Europe","Zinc",1990740.74054167,0,NA,7075991,1990740.74054167,0.000770787331507643
"Cambodia","KHM","Asia","Calcium",26513056777.5427,175872714532.491,NA,16005373,202385771310.033,4.538382936736
"Cambodia","KHM","Asia","DHA+EPA",158599946.248508,437372813.577069,NA,16005373,595972759.825577,0.0271484082677013
"Cambodia","KHM","Asia","Iron",296862113.30892,2214157363.03919,NA,16005373,2511019476.34811,0.05081548917233
"Cambodia","KHM","Asia","Protein",3338377473.63852,18602103043.3403,NA,16005373,21940480516.9788,0.571448078954746
"Cambodia","KHM","Asia","Vitamin A, RAE",137484926245.198,645305033115.534,NA,16005373,782789959360.733,23.5340364019484
"Cambodia","KHM","Asia","Vitamin B12",644364911.353994,3275104765.05621,NA,16005373,3919469676.41021,0.11029941750049
"Cambodia","KHM","Asia","Zinc",264473792.571763,1718145309.22114,NA,16005373,1982619101.7929,0.0452714056131852
"Cameroon","CMR","Africa","Calcium",231814486.737483,24247859864.3841,NA,24053727,24479674351.1216,0.0264037328952149
"Cameroon","CMR","Africa","DHA+EPA",1496846.00626619,205396795.212914,NA,24053727,206893641.21918,0.000170491165979107
"Cameroon","CMR","Africa","Iron",4264451.9691838,404598724.513111,NA,24053727,408863176.482295,0.000485722235583631
"Cameroon","CMR","Africa","Protein",35308657.2927421,3625701085.94552,NA,24053727,3661009743.23826,0.0040216656394818
"Cameroon","CMR","Africa","Vitamin A, RAE",62630260.7290143,6042981387.80642,NA,24053727,6105611648.53543,0.00713360367904553
"Cameroon","CMR","Africa","Vitamin B12",4084450.22286486,648356054.712256,NA,24053727,652440504.935121,0.00046521998787096
"Cameroon","CMR","Africa","Zinc",1766940.460581,209879798.742572,NA,24053727,211646739.203153,0.00020125499756088
"Canada","CAN","Americas","Calcium",3901366643.27515,62400829953.7896,NA,36708083,66302196597.0648,0.291180439332678
"Canada","CAN","Americas","DHA+EPA",244729381.239869,1071595673.39434,NA,36708083,1316325054.63421,0.0182654990578423
"Canada","CAN","Americas","Iron",133109199.220654,1312633158.71253,NA,36708083,1445742357.93318,0.0099346712709251
"Canada","CAN","Americas","Protein",3318376900.30034,35074363384.6569,NA,36708083,38392740284.9573,0.247668709980488
"Canada","CAN","Americas","Vitamin A, RAE",2368670672.69543,30681483953.5786,NA,36708083,33050154626.2741,0.176786913452175
"Canada","CAN","Americas","Vitamin B12",264030080.893161,2725812313.28317,NA,36708083,2989842394.17633,0.0197060163735273
"Canada","CAN","Americas","Zinc",98960687.8180762,1027152674.01956,NA,36708083,1126113361.83763,0.00738598014242036
"Cape Verde","CPV","Africa","Calcium",2073619.42312479,0,NA,546388,2073619.42312479,0.0103976461863209
"Cape Verde","CPV","Africa","DHA+EPA",13389.5383144684,0,NA,546388,13389.5383144684,6.71384924540469e-05
"Cape Verde","CPV","Africa","Iron",38146.2373501115,0,NA,546388,38146.2373501115,0.000191274770520901
"Cape Verde","CPV","Africa","Protein",315841.855257306,0,NA,546388,315841.855257306,0.00158371002179748
"Cape Verde","CPV","Africa","Vitamin A, RAE",560238.175581003,0,NA,546388,560238.175581003,0.00280917427026368
"Cape Verde","CPV","Africa","Vitamin B12",36536.0915709738,0,NA,546388,36536.0915709738,0.000183201097052583
"Cape Verde","CPV","Africa","Zinc",15805.578461173,0,NA,546388,15805.578461173,7.92531217525737e-05
"Chile","CHL","Americas","Calcium",0,3715808990.25146,NA,18054726,3715808990.25146,0
"Chile","CHL","Americas","DHA+EPA",0,3746906.46241659,NA,18054726,3746906.46241659,0
"Chile","CHL","Americas","Iron",0,25446130.9910627,NA,18054726,25446130.9910627,0
"Chile","CHL","Americas","Protein",0,244905876.736132,NA,18054726,244905876.736132,0
"Chile","CHL","Americas","Vitamin A, RAE",0,226976112.619521,NA,18054726,226976112.619521,0
"Chile","CHL","Americas","Vitamin B12",0,34935655.5383476,NA,18054726,34935655.5383476,0
"Chile","CHL","Americas","Zinc",0,26610809.1665054,NA,18054726,26610809.1665054,0
"China","CHN","Asia","Calcium",515272723891.42,10387997350285.8,NA,1386395000,10903270074177.2,1.0182567687082
"China","CHN","Asia","DHA+EPA",3055627418.67114,37545411851.5517,NA,1386395000,40601039270.2228,0.00603838153553787
"China","CHN","Asia","Iron",9182948622.04952,107289087009.813,NA,1386395000,116472035631.862,0.0181468941737967
"China","CHN","Asia","Protein",85279848997.7037,694326923346.695,NA,1386395000,779606772344.399,0.168525868826357
"China","CHN","Asia","Vitamin A, RAE",2364072411951.15,46694123247757.1,NA,1386395000,49058195659708.3,4.67176433676866
"China","CHN","Asia","Vitamin B12",12172680547.6182,152471439413.31,NA,1386395000,164644119960.928,0.0240550562570565
"China","CHN","Asia","Zinc",5089384575.97874,78871152716.1738,NA,1386395000,83960537292.1525,0.0100573930129892
"Congo","COG","Africa","Calcium",73994484372.2066,2211737616.26013,NA,5260750,76206221988.4667,38.535306699306
"Congo","COG","Africa","DHA+EPA",485139863.115387,22710186.7886765,NA,5260750,507850049.904064,0.252654148154763
"Congo","COG","Africa","Iron",1275235282.38791,20919860.4393172,NA,5260750,1296155142.82723,0.664124943062008
"Congo","COG","Africa","Protein",12395327283.4896,266540005.888845,NA,5260750,12661867289.3785,6.45531545439032
"Congo","COG","Africa","Vitamin A, RAE",19307428397.2652,309480609.549632,NA,5260750,19616909006.8148,10.0550423612786
"Congo","COG","Africa","Vitamin B12",1460430858.17581,64098745.1307983,NA,5260750,1524529603.30661,0.760572244139788
"Congo","COG","Africa","Zinc",544386665.651302,11988494.1795892,NA,5260750,556375159.830891,0.283509065599559
"Côte d'Ivoire","CIV","Africa","Calcium",147732630436.884,5538180155.96052,NA,24294750,153270810592.845,16.659851725323
"Côte d'Ivoire","CIV","Africa","DHA+EPA",1599045737.2341,37040705.5750272,NA,24294750,1636086442.80913,0.180324853118427
"Côte d'Ivoire","CIV","Africa","Iron",1813102999.01464,64269118.584591,NA,24294750,1877372117.59923,0.204464152821183
"Côte d'Ivoire","CIV","Africa","Protein",21594868499.452,634191774.779969,NA,24294750,22229060274.232,2.43525960490105
"Côte d'Ivoire","CIV","Africa","Vitamin A, RAE",30377426029.4681,2348942223.1587,NA,24294750,32726368252.6268,3.4256711733304
"Côte d'Ivoire","CIV","Africa","Vitamin B12",2043189561.87241,116967364.833065,NA,24294750,2160156926.70547,0.230411081471028
"Côte d'Ivoire","CIV","Africa","Zinc",795245893.383953,28881806.8769579,NA,24294750,824127700.260911,0.0896801108175553
"Croatia","HRV","Europe","Calcium",0,14651320466.2256,NA,4125700,14651320466.2256,0
"Croatia","HRV","Europe","DHA+EPA",0,285791469.285855,NA,4125700,285791469.285855,0
"Croatia","HRV","Europe","Iron",0,459600697.570282,NA,4125700,459600697.570282,0
"Croatia","HRV","Europe","Protein",0,2630454355.27509,NA,4125700,2630454355.27509,0
"Croatia","HRV","Europe","Vitamin A, RAE",0,112903758841.755,NA,4125700,112903758841.755,0
"Croatia","HRV","Europe","Vitamin B12",0,370046141.678765,NA,4125700,370046141.678765,0
"Croatia","HRV","Europe","Zinc",0,226916521.519004,NA,4125700,226916521.519004,0
"Cyprus","CYP","Asia","Calcium",0,533268921.143831,NA,1179551,533268921.143831,0
"Cyprus","CYP","Asia","DHA+EPA",0,6570722.99524768,NA,1179551,6570722.99524768,0
"Cyprus","CYP","Asia","Iron",0,23006766.4487086,NA,1179551,23006766.4487086,0
"Cyprus","CYP","Asia","Protein",0,165956321.369184,NA,1179551,165956321.369184,0
"Cyprus","CYP","Asia","Vitamin A, RAE",0,178469302.968167,NA,1179551,178469302.968167,0
"Cyprus","CYP","Asia","Vitamin B12",0,21176641.5266323,NA,1179551,21176641.5266323,0
"Cyprus","CYP","Asia","Zinc",0,16099748.3124923,NA,1179551,16099748.3124923,0
"Denmark","DNK","Europe","Calcium",22083823231.1743,84529608339.828,NA,5769603,106613431571.002,10.486618453798
"Denmark","DNK","Europe","DHA+EPA",233966007.595831,593590554.749307,NA,5769603,827556562.345139,0.111099976989149
"Denmark","DNK","Europe","Iron",416030691.671692,2118343004.19202,NA,5769603,2534373695.86371,0.19755434024993
"Denmark","DNK","Europe","Protein",5524627906.15562,14225222306.7977,NA,5769603,19749850212.9533,2.62339832847768
"Denmark","DNK","Europe","Vitamin A, RAE",7303449251.04578,24437560905.3581,NA,5769603,31741010156.4039,3.4680809065832
"Denmark","DNK","Europe","Vitamin B12",926910244.72716,2263705204.10356,NA,5769603,3190615448.83072,0.44014815621459
"Denmark","DNK","Europe","Zinc",239020833.460911,770021853.0846,NA,5769603,1009042686.54551,0.11350028737212
"Egypt","EGY","Africa","Calcium",0,71355727318.646,NA,97553151,71355727318.646,0
"Egypt","EGY","Africa","DHA+EPA",0,593747236.463063,NA,97553151,593747236.463063,0
"Egypt","EGY","Africa","Iron",0,1169788062.44272,NA,97553151,1169788062.44272,0
"Egypt","EGY","Africa","Protein",0,9445744568.98888,NA,97553151,9445744568.98888,0
"Egypt","EGY","Africa","Vitamin A, RAE",0,264425674452.536,NA,97553151,264425674452.536,0
"Egypt","EGY","Africa","Vitamin B12",0,1416813313.10951,NA,97553151,1416813313.10951,0
"Egypt","EGY","Africa","Zinc",0,722006491.647419,NA,97553151,722006491.647419,0
"Equatorial Guinea","GNQ","Africa","Calcium",77775379922.6107,30186215313.0588,NA,1267689,107961595235.669,168.087940074172
"Equatorial Guinea","GNQ","Africa","DHA+EPA",117733086.355478,27210846.128877,NA,1267689,144943932.484356,0.254444426806507
"Equatorial Guinea","GNQ","Africa","Iron",435980511.715935,121382972.984538,NA,1267689,557363484.700472,0.942239899049469
"Equatorial Guinea","GNQ","Africa","Protein",3842965316.37868,1106562074.43267,NA,1267689,4949527390.81135,8.30540621530014
"Equatorial Guinea","GNQ","Africa","Vitamin A, RAE",5294587877.57962,1299194135.84653,NA,1267689,6593782013.42615,11.4426489561295
"Equatorial Guinea","GNQ","Africa","Vitamin B12",322420502.628037,74756696.9532022,NA,1267689,397177199.581239,0.696814315511564
"Equatorial Guinea","GNQ","Africa","Zinc",109907267.119053,19434564.5798348,NA,1267689,129341831.698888,0.237531287505196
"Eritrea","ERI","Africa","Calcium",4102055957.95627,0,NA,NA,4102055957.95627,NA
"Eritrea","ERI","Africa","DHA+EPA",8535661.25612881,0,NA,NA,8535661.25612881,NA
"Eritrea","ERI","Africa","Iron",68296429.5420918,0,NA,NA,68296429.5420918,NA
"Eritrea","ERI","Africa","Protein",453048401.455906,0,NA,NA,453048401.455906,NA
"Eritrea","ERI","Africa","Vitamin A, RAE",964421856.860161,0,NA,NA,964421856.860161,NA
"Eritrea","ERI","Africa","Vitamin B12",60842898.1795134,0,NA,NA,60842898.1795134,NA
"Eritrea","ERI","Africa","Zinc",50405947.965541,0,NA,NA,50405947.965541,NA
"Estonia","EST","Europe","Calcium",1596713938.31676,1192050539.57877,NA,1315480,2788764477.89553,3.32544678377049
"Estonia","EST","Europe","DHA+EPA",28705230.5506233,5915644.69168711,NA,1315480,34620875.2423104,0.0597838562821037
"Estonia","EST","Europe","Iron",31872749.1002206,8846860.22086891,NA,1315480,40719609.3210895,0.0663807889702443
"Estonia","EST","Europe","Protein",273715951.375612,152444861.770409,NA,1315480,426160813.146021,0.570063183094814
"Estonia","EST","Europe","Vitamin A, RAE",352712296.288476,283790494.548485,NA,1315480,636502790.836962,0.734587419287707
"Estonia","EST","Europe","Vitamin B12",119502456.44354,27529417.5962007,NA,1315480,147031874.03974,0.248885570480944
"Estonia","EST","Europe","Zinc",19990218.1910727,12449323.0029689,NA,1315480,32439541.1940416,0.0416332601570772
"Faeroe Isl.","FRO","Europe","Calcium",1154430525.9868,52969158660.1488,NA,49290,54123589186.1356,64.1676477757747
"Faeroe Isl.","FRO","Europe","DHA+EPA",10567402.0931356,385042130.032855,NA,49290,395609532.125991,0.587376477105619
"Faeroe Isl.","FRO","Europe","Iron",21392698.2643724,975588920.23439,NA,49290,996981618.498763,1.18908768981857
"Faeroe Isl.","FRO","Europe","Protein",440234845.233719,10011798499.7855,NA,49290,10452033345.0192,24.4699302831005
"Faeroe Isl.","FRO","Europe","Vitamin A, RAE",482460820.396549,16979134605.7332,NA,49290,17461595426.1297,26.8170108914559
"Faeroe Isl.","FRO","Europe","Vitamin B12",38602489.8684145,1102471161.42904,NA,49290,1141073651.29746,2.14567348782378
"Faeroe Isl.","FRO","Europe","Zinc",15048828.8079171,446200249.780414,NA,49290,461249078.588331,0.836471251103594
"Falkland Isl.","FLK","Americas","Calcium",18195625135.8102,12142944247.9754,NA,NA,30338569383.7856,NA
"Falkland Isl.","FLK","Americas","DHA+EPA",215912707.485251,402579589.01042,NA,NA,618492296.49567,NA
"Falkland Isl.","FLK","Americas","Iron",944996742.454672,1034041180.67968,NA,NA,1979037923.13435,NA
"Falkland Isl.","FLK","Americas","Protein",7275420439.0524,11155058072.2596,NA,NA,18430478511.312,NA
"Falkland Isl.","FLK","Americas","Vitamin A, RAE",1560201654722.93,7833740958253.25,NA,NA,9393942612976.18,NA
"Falkland Isl.","FLK","Americas","Vitamin B12",691994912.455737,1622307672.78857,NA,NA,2314302585.24431,NA
"Falkland Isl.","FLK","Americas","Zinc",495100543.798093,807174647.292923,NA,NA,1302275191.09102,NA
"Finland","FIN","Europe","Calcium",2775005966.64181,0,NA,5511303,2775005966.64181,1.37948432031251
"Finland","FIN","Europe","DHA+EPA",50263157.109774,0,NA,5511303,50263157.109774,0.0249863380316425
"Finland","FIN","Europe","Iron",44875992.1083552,0,NA,5511303,44875992.1083552,0.0223083222941171
"Finland","FIN","Europe","Protein",446196327.813664,0,NA,5511303,446196327.813664,0.221808834070668
"Finland","FIN","Europe","Vitamin A, RAE",565757258.867096,0,NA,5511303,565757258.867096,0.281243816082533
"Finland","FIN","Europe","Vitamin B12",213158692.220947,0,NA,5511303,213158692.220947,0.105963402310432
"Finland","FIN","Europe","Zinc",28212864.9897651,0,NA,5511303,28212864.9897651,0.0140249085415743
"France","FRA","Europe","Calcium",11018951075.3871,55792710495.5353,NA,67118648,66811661570.9225,0.449784194935737
"France","FRA","Europe","DHA+EPA",81135839.8679867,718468003.493546,NA,67118648,799603843.361532,0.00331189585703603
"France","FRA","Europe","Iron",334813353.136878,1149750262.16956,NA,67118648,1484563615.30644,0.0136667958196842
"France","FRA","Europe","Protein",2916043378.19747,9397495189.92545,NA,67118648,12313538568.1229,0.119030406277955
"France","FRA","Europe","Vitamin A, RAE",9727140098.97884,159605660885.319,NA,67118648,169332800984.298,0.397053571480044
"France","FRA","Europe","Vitamin B12",248446192.844416,2331455221.93237,NA,67118648,2579901414.77678,0.0101413619199184
"France","FRA","Europe","Zinc",169037905.410759,702515738.321508,NA,67118648,871553643.732267,0.00689998328140598
"Gabon","GAB","Africa","Calcium",97478080692.2606,49618952841.1294,NA,2025137,147097033533.39,131.874157043853
"Gabon","GAB","Africa","DHA+EPA",671052337.585456,612823645.482363,NA,2025137,1283875983.06782,0.907839595557558
"Gabon","GAB","Africa","Iron",1741109913.94241,894344087.30681,NA,2025137,2635454001.24922,2.35547725797683
"Gabon","GAB","Africa","Protein",14839654730.673,9203388286.73399,NA,2025137,24043043017.407,20.0759693310693
"Gabon","GAB","Africa","Vitamin A, RAE",25810791124.2138,107940081790.019,NA,2025137,133750872914.233,34.9183765003172
"Gabon","GAB","Africa","Vitamin B12",1810223476.79435,1684066371.54952,NA,2025137,3494289848.34387,2.44897820482221
"Gabon","GAB","Africa","Zinc",731191619.333541,392006590.008095,NA,2025137,1123198209.34164,0.989199600077847
"Gambia","GMB","Africa","Calcium",28138013137.0936,0,NA,2100568,28138013137.0936,36.6998102184464
"Gambia","GMB","Africa","DHA+EPA",135450860.925023,0,NA,2100568,135450860.925023,0.176665668100082
"Gambia","GMB","Africa","Iron",314906138.574798,0,NA,2100568,314906138.574798,0.410725358112921
"Gambia","GMB","Africa","Protein",3067249906.22243,0,NA,2100568,3067249906.22243,4.00054861380798
"Gambia","GMB","Africa","Vitamin A, RAE",4132786569.8989,0,NA,2100568,4132786569.8989,5.39030535132872
"Gambia","GMB","Africa","Vitamin B12",450274030.235323,0,NA,2100568,450274030.235323,0.587282811171443
"Gambia","GMB","Africa","Zinc",141837952.304595,0,NA,2100568,141837952.304595,0.184996215119734
"Gaza Strip","PSE","Asia","Calcium",31527611.1194495,0,NA,4684777,31527611.1194495,0.0184378075553255
"Gaza Strip","PSE","Asia","DHA+EPA",415758.319747915,0,NA,4684777,415758.319747915,0.000243141539014625
"Gaza Strip","PSE","Asia","Iron",1555116.533236,0,NA,4684777,1555116.533236,0.000909454866633452
"Gaza Strip","PSE","Asia","Protein",15989895.328,0,NA,4684777,15989895.328,0.0093511243769937
"Gaza Strip","PSE","Asia","Vitamin A, RAE",10557170.1261539,0,NA,4684777,10557170.1261539,0.00617398731471841
"Gaza Strip","PSE","Asia","Vitamin B12",1923112.57925,0,NA,4684777,1923112.57925,0.00112466433023094
"Gaza Strip","PSE","Asia","Zinc",796790.686203333,0,NA,4684777,796790.686203333,0.000465974833247985
"Georgia","GEO","Asia","Calcium",5507979603.96683,25686406850.4435,NA,3717100,31194386454.4103,4.0597118935087
"Georgia","GEO","Asia","DHA+EPA",54554174.1266194,249894674.201535,NA,3717100,304448848.328154,0.0402097040052356
"Georgia","GEO","Asia","Iron",40532794.1040635,187341100.304482,NA,3717100,227873894.408546,0.0298751045089013
"Georgia","GEO","Asia","Protein",647303523.19614,2975874548.63176,NA,3717100,3623178071.8279,0.477101587292893
"Georgia","GEO","Asia","Vitamin A, RAE",2553451574.03401,11544530398.2477,NA,3717100,14097981972.2817,1.88204722420152
"Georgia","GEO","Asia","Vitamin B12",132467904.490641,634832509.663903,NA,3717100,767300414.154544,0.0976368044248967
"Georgia","GEO","Asia","Zinc",31439867.6436856,144987568.981822,NA,3717100,176427436.625508,0.0231730713947245
"Germany","DEU","Europe","Calcium",77694225940.1096,1602226858.20035,NA,82695000,79296452798.3099,2.57404792292885
"Germany","DEU","Europe","DHA+EPA",551687696.848463,18281374.5879056,NA,82695000,569969071.436368,0.0182776847699448
"Germany","DEU","Europe","Iron",1504087148.78679,30984657.9055969,NA,82695000,1535071806.69238,0.0498311470948049
"Germany","DEU","Europe","Protein",13059396735.8734,527110844.652569,NA,82695000,13586507580.526,0.43266423773359
"Germany","DEU","Europe","Vitamin A, RAE",22571439938.3751,490294411.524171,NA,82695000,23061734349.8993,0.747802907975094
"Germany","DEU","Europe","Vitamin B12",1725844771.4257,60515727.6885355,NA,82695000,1786360499.11424,0.0571780862146741
"Germany","DEU","Europe","Zinc",656200724.079835,19133355.4664007,NA,82695000,675334079.546236,0.0217402527717329
"Ghana","GHA","Africa","Calcium",4806538032.29482,69736002449.0615,NA,28833629,74542540481.3564,0.456709675662156
"Ghana","GHA","Africa","DHA+EPA",35553940.2502162,471783454.495133,NA,28833629,507337394.745349,0.00337827942088193
"Ghana","GHA","Africa","Iron",76581087.2426733,727655051.495079,NA,28833629,804236138.737752,0.00727661432853743
"Ghana","GHA","Africa","Protein",649943155.065989,7642615770.05052,NA,28833629,8292558925.11651,0.0617565752220431
"Ghana","GHA","Africa","Vitamin A, RAE",5060901190.86234,160760884934.114,NA,28833629,165821786124.977,0.480878862480035
"Ghana","GHA","Africa","Vitamin B12",117220650.349445,1682354984.21086,NA,28833629,1799575634.5603,0.0111381216256479
"Ghana","GHA","Africa","Zinc",43287767.1643464,481935311.419703,NA,28833629,525223078.584049,0.00411313547691386
"Greece","GRC","Europe","Calcium",84203888.2611882,71149375811.454,NA,10760421,71233579699.7152,0.0214392712215654
"Greece","GRC","Europe","DHA+EPA",610114.141015212,192693680.344283,NA,10760421,193303794.485298,0.000155342025355932
"Greece","GRC","Europe","Iron",5109697.01987931,563241806.178028,NA,10760421,568351503.197908,0.00130098719348226
"Greece","GRC","Europe","Protein",20013405.1355996,4175663391.26282,NA,10760421,4195676796.39842,0.00509564142024258
"Greece","GRC","Europe","Vitamin A, RAE",837497295.488694,135325694986.153,NA,10760421,136163192281.642,0.213236372287403
"Greece","GRC","Europe","Vitamin B12",3309098.70723887,756470857.220068,NA,10760421,759779955.927307,0.000842534307481924
"Greece","GRC","Europe","Zinc",1657442.24652267,407022817.665444,NA,10760421,408680259.911967,0.000422003717299345
"Greenland","GRL","Americas","Calcium",3699473513.65915,17796716188.2548,NA,56171,21496189701.914,180.440865803329
"Greenland","GRL","Americas","DHA+EPA",182384043.313341,809373867.649518,NA,56171,991757910.962859,8.8957346397164
"Greenland","GRL","Americas","Iron",99325535.528135,429454156.01837,NA,56171,528779691.546505,4.84457735969811
"Greenland","GRL","Americas","Protein",2496176933.89257,11578256870.697,NA,56171,14074433804.5895,121.750385693225
"Greenland","GRL","Americas","Vitamin A, RAE",1946308132.98052,5946274649.82042,NA,56171,7892582782.80094,94.9306768485822
"Greenland","GRL","Americas","Vitamin B12",189288427.329955,1141556424.37879,NA,56171,1330844851.70875,9.2324941881215
"Greenland","GRL","Americas","Zinc",74400126.6205273,480088544.315879,NA,56171,554488670.936406,3.62884697341885
"Guinea","GIN","Africa","Calcium",439861439596.337,48159408052.8657,NA,12717176,488020847649.203,94.7615912927927
"Guinea","GIN","Africa","DHA+EPA",3737994630.63445,666120860.257872,NA,12717176,4404115490.89232,0.805295230625133
"Guinea","GIN","Africa","Iron",11350633020.4328,715940847.347914,NA,12717176,12066573867.7807,2.4453247099446
"Guinea","GIN","Africa","Protein",87398841032.9125,8330114289.73678,NA,12717176,95728955322.6493,18.8287776737718
"Guinea","GIN","Africa","Vitamin A, RAE",10825823091779.3,235795959471.55,NA,12717176,11061619051250.8,2332.2622327902
"Guinea","GIN","Africa","Vitamin B12",19530064840.1241,2089039027.45659,NA,12717176,21619103867.5807,4.20746138602187
"Guinea","GIN","Africa","Zinc",6675094141.36759,509591529.9289,NA,12717176,7184685671.29648,1.43804954452402
"Guinea-Bissau","GNB","Africa","Calcium",1511449052409.07,0,NA,1861283,1511449052409.07,2224.78597181086
"Guinea-Bissau","GNB","Africa","DHA+EPA",6283987803.32692,0,NA,1861283,6283987803.32692,9.24975134926913
"Guinea-Bissau","GNB","Africa","Iron",14737557511.7928,0,NA,1861283,14737557511.7928,21.6930310411274
"Guinea-Bissau","GNB","Africa","Protein",133689814748.668,0,NA,1861283,133689814748.668,196.785478116356
"Guinea-Bissau","GNB","Africa","Vitamin A, RAE",201524238917.651,0,NA,1861283,201524238917.651,296.634742010813
"Guinea-Bissau","GNB","Africa","Vitamin B12",14004402952.1086,0,NA,1861283,14004402952.1086,20.6138600449533
"Guinea-Bissau","GNB","Africa","Zinc",5320652491.44639,0,NA,1861283,5320652491.44639,7.83176449446524
"Hong Kong","HKG","Asia","Calcium",0,3450821948.41239,NA,7391700,3450821948.41239,0
"Hong Kong","HKG","Asia","DHA+EPA",0,8939193.34793749,NA,7391700,8939193.34793749,0
"Hong Kong","HKG","Asia","Iron",0,42085009.7499539,NA,7391700,42085009.7499539,0
"Hong Kong","HKG","Asia","Protein",0,383277821.341488,NA,7391700,383277821.341488,0
"Hong Kong","HKG","Asia","Vitamin A, RAE",0,1592612214.6555,NA,7391700,1592612214.6555,0
"Hong Kong","HKG","Asia","Vitamin B12",0,65144982.909977,NA,7391700,65144982.909977,0
"Hong Kong","HKG","Asia","Zinc",0,33439470.2747156,NA,7391700,33439470.2747156,0
"Iceland","ISL","Europe","Calcium",1913209228.79785,48675326319.5901,NA,341284,50588535548.3879,15.3586723080897
"Iceland","ISL","Europe","DHA+EPA",48494621.171842,790483596.39471,NA,341284,838978217.566552,0.38930033582959
"Iceland","ISL","Europe","Iron",19438740.2514127,851394491.507217,NA,341284,870833231.75863,0.156048401350811
"Iceland","ISL","Europe","Protein",857298414.731795,40324222082.3333,NA,341284,41181520497.0651,6.88213564095331
"Iceland","ISL","Europe","Vitamin A, RAE",1007491748.72099,17237929326.1599,NA,341284,18245421074.8809,8.08784287091948
"Iceland","ISL","Europe","Vitamin B12",191585092.698366,3761226837.40112,NA,341284,3952811930.09948,1.53798790721812
"Iceland","ISL","Europe","Zinc",84492788.5945447,1131553124.18858,NA,341284,1216045912.78312,0.678282873031987
"India","IND","Asia","Calcium",1688141878.88276,6313853803854.21,NA,1339180127,6315541945733.09,0.00345364014165543
"India","IND","Asia","DHA+EPA",10505051.8822152,19111605373.9016,NA,1339180127,19122110425.7838,2.14914808550348e-05
"India","IND","Asia","Iron",18293485.8922541,56469938003.4719,NA,1339180127,56488231489.3642,3.74252413251597e-05
"India","IND","Asia","Protein",267733630.575518,456484767455.501,NA,1339180127,456752501086.077,0.0005477357237525
"India","IND","Asia","Vitamin A, RAE",41188814091.9444,27755702141945.7,NA,1339180127,27796890956037.6,0.0842650392805054
"India","IND","Asia","Vitamin B12",29350089.2888223,98490739819.1273,NA,1339180127,98520089908.4161,6.00450991691127e-05
"India","IND","Asia","Zinc",10885367.9656086,49651780328.2633,NA,1339180127,49662665696.2289,2.2269540394079e-05
"Indonesia","IDN","Asia","Calcium",267554343509.91,5891223992675.79,NA,263991379,6158778336185.7,2.77670279019713
"Indonesia","IDN","Asia","DHA+EPA",687693633.308403,14958519832.1446,NA,263991379,15646213465.453,0.00713694573355905
"Indonesia","IDN","Asia","Iron",2513297778.88463,57000680936.8172,NA,263991379,59513978715.7019,0.0260832280413594
"Indonesia","IDN","Asia","Protein",22968651727.9026,503698184605.38,NA,263991379,526666836333.282,0.238370711920702
"Indonesia","IDN","Asia","Vitamin A, RAE",456577097389.928,919655587063.977,NA,263991379,1376232684453.91,4.73839775363528
"Indonesia","IDN","Asia","Vitamin B12",3638996208.1648,83555928082.5702,NA,263991379,87194924290.735,0.0377658265314378
"Indonesia","IDN","Asia","Zinc",1314657084.3637,30321600665.4527,NA,263991379,31636257749.8164,0.0136436282305015
"Iraq","IRQ","Asia","Calcium",0,1762636988.51212,NA,38274618,1762636988.51212,0
"Iraq","IRQ","Asia","DHA+EPA",0,21599215.8216342,NA,38274618,21599215.8216342,0
"Iraq","IRQ","Asia","Iron",0,17050924.0519023,NA,38274618,17050924.0519023,0
"Iraq","IRQ","Asia","Protein",0,246683737.46482,NA,38274618,246683737.46482,0
"Iraq","IRQ","Asia","Vitamin A, RAE",0,242478095.729565,NA,38274618,242478095.729565,0
"Iraq","IRQ","Asia","Vitamin B12",0,19301986.1437857,NA,38274618,19301986.1437857,0
"Iraq","IRQ","Asia","Zinc",0,12480089.7597616,NA,38274618,12480089.7597616,0
"Ireland","IRL","Europe","Calcium",52327047276.1654,366020994.61073,NA,4813608,52693068270.7762,29.7826024386193
"Ireland","IRL","Europe","DHA+EPA",310526924.972156,6645213.89613652,NA,4813608,317172138.868292,0.176740336677571
"Ireland","IRL","Europe","Iron",917292303.151655,14139359.3921884,NA,4813608,931431662.543843,0.522088545156931
"Ireland","IRL","Europe","Protein",30226418140.1857,244107300.440415,NA,4813608,30470525440.6261,17.2037491406985
"Ireland","IRL","Europe","Vitamin A, RAE",23809507839.9727,233425514.396904,NA,4813608,24042933354.3696,13.5514832800453
"Ireland","IRL","Europe","Vitamin B12",2908804630.99688,16833989.0683369,NA,4813608,2925638620.06522,1.6555830379532
"Ireland","IRL","Europe","Zinc",706493049.843538,8578453.87098557,NA,4813608,715071503.714524,0.402109477305092
"Israel","ISR","Asia","Calcium",0,1076972982.32879,NA,8712400,1076972982.32879,0
"Israel","ISR","Asia","DHA+EPA",0,11324529.4020281,NA,8712400,11324529.4020281,0
"Israel","ISR","Asia","Iron",0,33634637.1140522,NA,8712400,33634637.1140522,0
"Israel","ISR","Asia","Protein",0,241069935.935719,NA,8712400,241069935.935719,0
"Israel","ISR","Asia","Vitamin A, RAE",0,354742056.438482,NA,8712400,354742056.438482,0
"Israel","ISR","Asia","Vitamin B12",0,32191652.9537006,NA,8712400,32191652.9537006,0
"Israel","ISR","Asia","Zinc",0,16376827.6936398,NA,8712400,16376827.6936398,0
"Italy","ITA","Europe","Calcium",256379.69868788,46956056552.4377,NA,60551416,46956312932.1364,1.16002263826737e-05
"Italy","ITA","Europe","DHA+EPA",14110.7761139578,497094050.936115,NA,60551416,497108161.712229,6.3846005824514e-07
"Italy","ITA","Europe","Iron",23507.97734767,2337587876.74508,NA,60551416,2337611384.72243,1.06364841064785e-06
"Italy","ITA","Europe","Protein",259993.522621029,12120790157.7823,NA,60551416,12121050151.305,1.17637384545975e-05
"Italy","ITA","Europe","Vitamin A, RAE",125039.760416252,1184363322336.51,NA,60551416,1184363447376.27,5.65758340105414e-06
"Italy","ITA","Europe","Vitamin B12",88140.8830037449,2634785586.6214,NA,60551416,2634873727.5044,3.9880466419338e-06
"Italy","ITA","Europe","Zinc",10504.9388906081,1250729958.26366,NA,60551416,1250740463.20255,4.75309355190253e-07
"Japan","JPN","Asia","Calcium",1672488721867.25,58707520034.0195,NA,126785797,1731196241901.27,36.1409636587927
"Japan","JPN","Asia","DHA+EPA",11580427943.4936,462269403.404803,NA,126785797,12042697346.8984,0.250242539747477
"Japan","JPN","Asia","Iron",33226302473.7059,2030457163.79812,NA,126785797,35256759637.5041,0.717990246820676
"Japan","JPN","Asia","Protein",217357020574.494,15986961461.4469,NA,126785797,233343982035.94,4.69688798427052
"Japan","JPN","Asia","Vitamin A, RAE",9204498791335.03,243101500420.199,NA,126785797,9447600291755.22,198.900866693824
"Japan","JPN","Asia","Vitamin B12",36894838820.3361,4174093738.70098,NA,126785797,41068932559.0371,0.79726398843162
"Japan","JPN","Asia","Zinc",18399118305.1675,1640427412.46,NA,126785797,20039545717.6275,0.3975882511653
"Korea","KOR","Asia","Calcium",638289301501.658,1000111002460.59,NA,51466201,1638400303962.25,33.9783737356738
"Korea","KOR","Asia","DHA+EPA",5837077746.13824,8046948607.07428,NA,51466201,13884026353.2125,0.3107280800663
"Korea","KOR","Asia","Iron",14354355995.8331,13993105153.9561,NA,51466201,28347461149.7892,0.764132614496061
"Korea","KOR","Asia","Protein",98559754091.7775,93622158307.9544,NA,51466201,192181912399.732,5.24668070097337
"Korea","KOR","Asia","Vitamin A, RAE",7281992146912.77,723796702080.251,NA,51466201,8005788848993.02,387.645931282151
"Korea","KOR","Asia","Vitamin B12",17232670644.153,23503375807.0523,NA,51466201,40736046451.2053,0.917355378248158
"Korea","KOR","Asia","Zinc",8802297602.27028,7484793753.85968,NA,51466201,16287091356.13,0.468577112226262
"Latvia","LVA","Europe","Calcium",2766494489.98366,0,NA,1940740,2766494489.98366,3.90543656484605
"Latvia","LVA","Europe","DHA+EPA",53262333.4108239,0,NA,1940740,53262333.4108239,0.0751899796601013
"Latvia","LVA","Europe","Iron",30773757.7341381,0,NA,1940740,30773757.7341381,0.0434430500865834
"Latvia","LVA","Europe","Protein",680049252.473131,0,NA,1940740,680049252.473131,0.960019702233523
"Latvia","LVA","Europe","Vitamin A, RAE",580669989.010049,0,NA,1940740,580669989.010049,0.819726847604167
"Latvia","LVA","Europe","Vitamin B12",217521968.209582,0,NA,1940740,217521968.209582,0.3070738985307
"Latvia","LVA","Europe","Zinc",27672832.5157682,0,NA,1940740,27672832.5157682,0.0390655005282807
"Liberia","LBR","Africa","Calcium",100273765089.394,0,NA,4731906,100273765089.394,58.0575024272529
"Liberia","LBR","Africa","DHA+EPA",208026974.631046,0,NA,4731906,208026974.631046,0.120445528038255
"Liberia","LBR","Africa","Iron",702033467.863165,0,NA,4731906,702033467.863165,0.406470323799474
"Liberia","LBR","Africa","Protein",6061048083.59388,0,NA,4731906,6061048083.59388,3.50928593846294
"Liberia","LBR","Africa","Vitamin A, RAE",19969557229.7621,0,NA,4731906,19969557229.7621,11.5621729801857
"Liberia","LBR","Africa","Vitamin B12",642428179.801148,0,NA,4731906,642428179.801148,0.371959460930681
"Liberia","LBR","Africa","Zinc",224760736.39515,0,NA,4731906,224760736.39515,0.130134207957379
"Libya","LBY","Africa","Calcium",2610800430.36763,6413390030.59618,NA,6374616,9024190460.96381,1.12208765067859
"Libya","LBY","Africa","DHA+EPA",16701880.1319375,58609823.6221907,NA,6374616,75311703.7541282,0.00717824818058663
"Libya","LBY","Africa","Iron",73190510.3871684,173115045.490083,NA,6374616,246305555.877252,0.0314563177242699
"Libya","LBY","Africa","Protein",474906037.093457,1262499386.60762,NA,6374616,1737405423.70107,0.204108362039852
"Libya","LBY","Africa","Vitamin A, RAE",6398893347.73961,8982978084.3855,NA,6374616,15381871432.1251,2.75016011181558
"Libya","LBY","Africa","Vitamin B12",59500743.854468,162165155.157285,NA,6374616,221665899.011753,0.0255726363105767
"Libya","LBY","Africa","Zinc",28688380.3846583,84831075.0123685,NA,6374616,113519455.397027,0.0123298881726713
"Lithuania","LTU","Europe","Calcium",1515401573.3174,0,NA,2827721,1515401573.3174,1.46824426185484
"Lithuania","LTU","Europe","DHA+EPA",14331311.4286246,0,NA,2827721,14331311.4286246,0.0138853397940386
"Lithuania","LTU","Europe","Iron",13931491.9207787,0,NA,2827721,13931491.9207787,0.0134979621454281
"Lithuania","LTU","Europe","Protein",398023160.349524,0,NA,2827721,398023160.349524,0.385637201094629
"Lithuania","LTU","Europe","Vitamin A, RAE",282623838.231375,0,NA,2827721,282623838.231375,0.273828954683086
"Lithuania","LTU","Europe","Vitamin B12",52447063.7226042,0,NA,2827721,52447063.7226042,0.0508149798163898
"Lithuania","LTU","Europe","Zinc",17155693.8142706,0,NA,2827721,17155693.8142706,0.0166218311003863
"Malaysia","MYS","Asia","Calcium",8057233019.45007,1967158398486.46,NA,31624264,1975215631505.91,0.698027660412649
"Malaysia","MYS","Asia","DHA+EPA",52499981.3116861,2536044422.7493,NA,31624264,2588544404.06098,0.00454826601616708
"Malaysia","MYS","Asia","Iron",78833435.8129812,9716056514.02332,NA,31624264,9794889949.8363,0.00682962980343118
"Malaysia","MYS","Asia","Protein",1159331039.67133,124270137697.153,NA,31624264,125429468736.824,0.100437101832854
"Malaysia","MYS","Asia","Vitamin A, RAE",122338976652.213,147710766460.074,NA,31624264,270049743112.287,10.5986744386909
"Malaysia","MYS","Asia","Vitamin B12",119486260.463512,15868360687.9409,NA,31624264,15987846948.4044,0.0103515331679578
"Malaysia","MYS","Asia","Zinc",46237748.1608807,8454137614.12088,NA,31624264,8500375362.28176,0.004005745780664
"Malta","MLT","Europe","Calcium",662687645.698684,0,NA,465292,662687645.698684,3.90202838423033
"Malta","MLT","Europe","DHA+EPA",3946893.65732264,0,NA,465292,3946893.65732264,0.0232400455635085
"Malta","MLT","Europe","Iron",44290272.4566737,0,NA,465292,44290272.4566737,0.260789380023866
"Malta","MLT","Europe","Protein",200222375.052087,0,NA,465292,200222375.052087,1.17894666617414
"Malta","MLT","Europe","Vitamin A, RAE",7477160124.5137,0,NA,465292,7477160124.5137,44.0269125713468
"Malta","MLT","Europe","Vitamin B12",29120890.6950781,0,NA,465292,29120890.6950781,0.171469232607258
"Malta","MLT","Europe","Zinc",16353937.3681771,0,NA,465292,16353937.3681771,0.0962950316317915
"Mauritania","MRT","Africa","Calcium",13844771620.5279,25105450090.2983,NA,4420184,38950221710.8262,8.58129008931104
"Mauritania","MRT","Africa","DHA+EPA",96871359.3676074,222424578.853059,NA,4420184,319295938.220667,0.0600429720954575
"Mauritania","MRT","Africa","Iron",318755347.543268,1904514642.46983,NA,4420184,2223269990.0131,0.1975714861726
"Mauritania","MRT","Africa","Protein",2610283590.03792,10937808621.198,NA,4420184,13548092211.236,1.61791045135561
"Mauritania","MRT","Africa","Vitamin A, RAE",6268349743.26225,3640374648787.61,NA,4420184,3646642998530.88,3.88525928794922
"Mauritania","MRT","Africa","Vitamin B12",361788625.50166,9176647203.15752,NA,4420184,9538435828.65918,0.224244446317886
"Mauritania","MRT","Africa","Zinc",145740404.957058,1963794945.59348,NA,4420184,2109535350.55054,0.0903330677420373
"Mauritius","MUS","Africa","Calcium",0,904865136.00096,NA,1264613,904865136.00096,0
"Mauritius","MUS","Africa","DHA+EPA",0,3246809.21986264,NA,1264613,3246809.21986264,0
"Mauritius","MUS","Africa","Iron",0,9011344.09789375,NA,1264613,9011344.09789375,0
"Mauritius","MUS","Africa","Protein",0,105279633.683131,NA,1264613,105279633.683131,0
"Mauritius","MUS","Africa","Vitamin A, RAE",0,153824251.571131,NA,1264613,153824251.571131,0
"Mauritius","MUS","Africa","Vitamin B12",0,12318248.5698817,NA,1264613,12318248.5698817,0
"Mauritius","MUS","Africa","Zinc",0,3181460.60749133,NA,1264613,3181460.60749133,0
"Mexico","MEX","Americas","Calcium",0,34277702908.4886,NA,129163276,34277702908.4886,0
"Mexico","MEX","Americas","DHA+EPA",0,51393110.2159657,NA,129163276,51393110.2159657,0
"Mexico","MEX","Americas","Iron",0,366016789.624701,NA,129163276,366016789.624701,0
"Mexico","MEX","Americas","Protein",0,3494477882.48,NA,129163276,3494477882.48,0
"Mexico","MEX","Americas","Vitamin A, RAE",0,1564646572.84717,NA,129163276,1564646572.84717,0
"Mexico","MEX","Americas","Vitamin B12",0,292250183.8464,NA,129163276,292250183.8464,0
"Mexico","MEX","Americas","Zinc",0,271767516.700205,NA,129163276,271767516.700205,0
"Montenegro","MNE","Europe","Calcium",70.072614,221571890.457975,NA,622471,221571960.530589,3.08415595880871e-07
"Montenegro","MNE","Europe","DHA+EPA",7.23947073472618,2269576.05366307,NA,622471,2269583.2931338,3.18635991018217e-08
"Montenegro","MNE","Europe","Iron",12.55921994,10338758.262981,NA,622471,10338770.8222009,5.52777908584089e-08
"Montenegro","MNE","Europe","Protein",155.293595116522,56381402.4370198,NA,622471,56381557.7306149,6.83504780831278e-07
"Montenegro","MNE","Europe","Vitamin A, RAE",56.75849,6092200800.48593,NA,622471,6092200857.24442,2.49815191918607e-07
"Montenegro","MNE","Europe","Vitamin B12",65.4843582509859,10758867.8490186,NA,622471,10758933.3333768,2.88220978467483e-07
"Montenegro","MNE","Europe","Zinc",6.81894804,9202750.32410669,NA,622471,9202757.14305473,3.00127225600189e-08
"Morocco","MAR","Africa","Calcium",1244490697358.16,3102067280795.58,NA,35739580,4346557978153.74,95.4002132763151
"Morocco","MAR","Africa","DHA+EPA",8064012218.27244,20114027033.4278,NA,35739580,28178039251.7002,0.618171342798391
"Morocco","MAR","Africa","Iron",22935392958.0318,17520499756.0702,NA,35739580,40455892714.102,1.75818219004542
"Morocco","MAR","Africa","Protein",190175155912.346,246571688782.097,NA,35739580,436746844694.443,14.578454039398
"Morocco","MAR","Africa","Vitamin A, RAE",353467401876.585,11023461675124.5,NA,35739580,11376929077001.1,27.0961169873223
"Morocco","MAR","Africa","Vitamin B12",22031367342.965,94934924885.7802,NA,35739580,116966292228.745,1.68888136146735
"Morocco","MAR","Africa","Zinc",9519671474.31796,16486571034.8404,NA,35739580,26006242509.1584,0.729759323149857
"Myanmar","MMR","Asia","Calcium",12657214049.7524,1003801492202.59,NA,53370609,1016458706252.34,0.649745232744953
"Myanmar","MMR","Asia","DHA+EPA",78754614.0490343,6533065519.0505,NA,53370609,6611820133.09953,0.00404278815495183
"Myanmar","MMR","Asia","Iron",137077996.460471,15948526820.3052,NA,53370609,16085604816.7657,0.00703675977701928
"Myanmar","MMR","Asia","Protein",2008129743.34068,140044970197.035,NA,53370609,142053099940.376,0.103085301579022
"Myanmar","MMR","Asia","Vitamin A, RAE",308914249637.107,2675739337567.62,NA,53370609,2984653587204.72,15.8577993735218
"Myanmar","MMR","Asia","Vitamin B12",220056178.397242,18858846755.5708,NA,53370609,19078902933.968,0.0112963605014232
"Myanmar","MMR","Asia","Zinc",81664982.278736,7967210445.52731,NA,53370609,8048875427.80604,0.00419218895321185
"Namibia","NAM","Africa","Calcium",485062798971.003,72659018181.0222,NA,2533794,557721817152.025,524.485879776738
"Namibia","NAM","Africa","DHA+EPA",3146028971.56914,581579425.548452,NA,2533794,3727608397.11759,3.40171989370636
"Namibia","NAM","Africa","Iron",8938628056.99775,2071190587.57154,NA,2533794,11009818644.5693,9.66510771474719
"Namibia","NAM","Africa","Protein",74510834050.0488,31503928845.5178,NA,2533794,106014762895.567,80.5666409226625
"Namibia","NAM","Africa","Vitamin A, RAE",141884607930.683,11698922312.2401,NA,2533794,153583530242.923,153.416162969345
"Namibia","NAM","Africa","Vitamin B12",8598076056.92357,1440802225.26026,NA,2533794,10038878282.1838,9.29687763042091
"Namibia","NAM","Africa","Zinc",3711950265.09756,947579773.331281,NA,2533794,4659530038.42884,4.01363597581017
"Netherlands","NLD","Europe","Calcium",69323188128.056,15804201455.1409,NA,17132854,85127389583.1969,11.0855169148463
"Netherlands","NLD","Europe","DHA+EPA",455681321.308883,157275200.025023,NA,17132854,612956521.333905,0.0728683018129215
"Netherlands","NLD","Europe","Iron",1268607593.75088,597700051.910442,NA,17132854,1866307645.66132,0.20286388030582
"Netherlands","NLD","Europe","Protein",10658547594.4461,4971280720.20632,NA,17132854,15629828314.6524,1.70441540322216
"Netherlands","NLD","Europe","Vitamin A, RAE",19031672452.7383,4609048385.78158,NA,17132854,23640720838.5198,3.04336734344823
"Netherlands","NLD","Europe","Vitamin B12",1304944458.22274,1566435704.48852,NA,17132854,2871380162.71126,0.208674532363414
"Netherlands","NLD","Europe","Zinc",534742403.47386,364368801.932283,NA,17132854,899111205.406142,0.0855110118110094
"New Zealand","NZL","Oceania","Calcium",10184128087.8724,108542233966.835,NA,4793900,118726362054.707,5.82025507179782
"New Zealand","NZL","Oceania","DHA+EPA",333523276.865309,3510123531.55085,NA,4793900,3843646808.41616,0.190609399939654
"New Zealand","NZL","Oceania","Iron",311284687.247325,3393574849.02289,NA,4793900,3704859536.27021,0.177899989482825
"New Zealand","NZL","Oceania","Protein",3554429481.40623,46208016052.361,NA,4793900,49762445533.7672,2.03136547753537
"New Zealand","NZL","Oceania","Vitamin A, RAE",11051093066.7155,125521915459.547,NA,4793900,136573008526.263,6.31572775945885
"New Zealand","NZL","Oceania","Vitamin B12",494885115.30275,4915413064.08751,NA,4793900,5410298179.39026,0.282828100495721
"New Zealand","NZL","Oceania","Zinc",156942737.01029,1678277399.65211,NA,4793900,1835220136.6624,0.089693172865111
"Nigeria","NGA","Africa","Calcium",1670105.19163228,89683800872.8435,NA,190886311,89685470978.0351,2.39704494158633e-05
"Nigeria","NGA","Africa","DHA+EPA",10784.012342465,601327203.950547,NA,190886311,601337987.962889,1.54779246032077e-07
"Nigeria","NGA","Africa","Iron",30723.2023047193,919183142.034048,NA,190886311,919213865.236353,4.40959629625987e-07
"Nigeria","NGA","Africa","Protein",254380.874483279,10201277501.6646,NA,190886311,10201531882.539,3.65104181144721e-06
"Nigeria","NGA","Africa","Vitamin A, RAE",451219.097947329,16431935433.854,NA,190886311,16432386652.9519,6.47619360565363e-06
"Nigeria","NGA","Africa","Vitamin B12",29426.3814922626,1894834361.31887,NA,190886311,1894863787.70036,4.22346803414692e-07
"Nigeria","NGA","Africa","Zinc",12729.9051843265,529409793.152828,NA,190886311,529422523.058013,1.82707981400503e-07
"Northern Marianas","MNP","Oceania","Calcium",15339719743.7739,0,NA,55144,15339719743.7739,762.125152963096
"Northern Marianas","MNP","Oceania","DHA+EPA",99049884.9267899,0,NA,55144,99049884.9267899,4.92110742319436
"Northern Marianas","MNP","Oceania","Iron",282188999.439641,0,NA,55144,282188999.439641,14.0200302192437
"Northern Marianas","MNP","Oceania","Protein",2336458411.30275,0,NA,55144,2336458411.30275,116.0825460862
"Northern Marianas","MNP","Oceania","Vitamin A, RAE",4144394341.28438,0,NA,55144,4144394341.28438,205.906445753205
"Northern Marianas","MNP","Oceania","Vitamin B12",270277852.812082,0,NA,55144,270277852.812082,13.4282472794557
"Northern Marianas","MNP","Oceania","Zinc",116922681.799182,0,NA,55144,116922681.799182,5.8090837537775
"Norway","NOR","Europe","Calcium",80191600889.4102,275800459338.233,NA,5282223,355992060227.643,41.5929081629781
"Norway","NOR","Europe","DHA+EPA",881845969.818319,2945560506.42155,NA,5282223,3827406476.23987,0.457386285218672
"Norway","NOR","Europe","Iron",1741961697.14831,5420839796.85208,NA,5282223,7162801494.00039,0.903501764390928
"Norway","NOR","Europe","Protein",23936277539.2317,75995963134.7189,NA,5282223,99932240673.9505,12.415008335172
"Norway","NOR","Europe","Vitamin A, RAE",24921899867.291,82131177530.2483,NA,5282223,107053077397.539,12.9262202142177
"Norway","NOR","Europe","Vitamin B12",2785576727.75836,11001790737.0422,NA,5282223,13787367464.8005,1.4447926682292
"Norway","NOR","Europe","Zinc",965736947.500266,2820364049.78171,NA,5282223,3786100997.28198,0.500897945937849
"Pakistan","PAK","Asia","Calcium",7392155.70611526,0,NA,197015955,7392155.70611526,0.000102796148599321
"Pakistan","PAK","Asia","DHA+EPA",29600.9968587674,0,NA,197015955,29600.9968587674,4.11634791359256e-07
"Pakistan","PAK","Asia","Iron",113984.8882459,0,NA,197015955,113984.8882459,1.58508667512364e-06
"Pakistan","PAK","Asia","Protein",832311.520716105,0,NA,197015955,832311.520716105,1.15742176120127e-05
"Pakistan","PAK","Asia","Vitamin A, RAE",1623224.54287386,0,NA,197015955,1623224.54287386,2.25727430472397e-05
"Pakistan","PAK","Asia","Vitamin B12",126513.048842106,0,NA,197015955,126513.048842106,1.75930468533931e-06
"Pakistan","PAK","Asia","Zinc",80005.3778677701,0,NA,197015955,80005.3778677701,1.11256378233977e-06
"Peru","PER","Americas","Calcium",3895247513.91663,83857900859.9581,NA,32165485,87753148373.8747,0.331781442034276
"Peru","PER","Americas","DHA+EPA",21186848.8124975,363205131.700514,NA,32165485,384391980.513011,0.0018046101630406
"Peru","PER","Americas","Iron",61383331.0713962,1371311359.23948,NA,32165485,1432694690.31088,0.00522838408264782
"Peru","PER","Americas","Protein",510197826.659728,18835946906.3873,NA,32165485,19346144733.047,0.0434565890991904
"Peru","PER","Americas","Vitamin A, RAE",894677499.365719,7544314618.56183,NA,32165485,8438992117.92755,0.0762050138879907
"Peru","PER","Americas","Vitamin B12",59692837.0945618,1177676772.2024,NA,32165485,1237369609.29696,0.00508439463720679
"Peru","PER","Americas","Zinc",26648290.3891964,812309158.059642,NA,32165485,838957448.448839,0.00226979368614904
"Philippines","PHL","Asia","Calcium",32625695647.1202,115253320504.42,NA,104918090,147879016151.54,0.851954772779001
"Philippines","PHL","Asia","DHA+EPA",217738339.379252,815103214.349855,NA,104918090,1032841553.72911,0.00568580113838896
"Philippines","PHL","Asia","Iron",709412687.680569,1756086471.05099,NA,104918090,2465499158.73156,0.0185248931295289
"Philippines","PHL","Asia","Protein",5442538745.48197,13393867260.508,NA,104918090,18836406005.99,0.142121011315732
"Philippines","PHL","Asia","Vitamin A, RAE",315044002774.588,22015496448.1916,NA,104918090,337059499222.78,8.22674387397783
"Philippines","PHL","Asia","Vitamin B12",982765941.320221,2987739942.50468,NA,104918090,3970505883.8249,0.0256629664939057
"Philippines","PHL","Asia","Zinc",533768390.747263,1133522977.36228,NA,104918090,1667291368.10954,0.0139382936987533
"Poland","POL","Europe","Calcium",8602147796.02125,0,NA,37975841,8602147796.02125,0.620592660693871
"Poland","POL","Europe","DHA+EPA",71729363.1169005,0,NA,37975841,71729363.1169005,0.00517483741992709
"Poland","POL","Europe","Iron",94623564.2737074,0,NA,37975841,94623564.2737074,0.00682651483204213
"Poland","POL","Europe","Protein",1599025011.82056,0,NA,37975841,1599025011.82056,0.115359932209112
"Poland","POL","Europe","Vitamin A, RAE",1734828008.40662,0,NA,37975841,1734828008.40662,0.125157292703257
"Poland","POL","Europe","Vitamin B12",246525376.889707,0,NA,37975841,246525376.889707,0.0177853070187083
"Poland","POL","Europe","Zinc",74301570.8881345,0,NA,37975841,74301570.8881345,0.00536040657108093
"Portugal","PRT","Europe","Calcium",0,42491065756.4674,NA,10293718,42491065756.4674,0
"Portugal","PRT","Europe","DHA+EPA",0,507719428.666491,NA,10293718,507719428.666491,0
"Portugal","PRT","Europe","Iron",0,1038263606.67377,NA,10293718,1038263606.67377,0
"Portugal","PRT","Europe","Protein",0,9149159263.53984,NA,10293718,9149159263.53984,0
"Portugal","PRT","Europe","Vitamin A, RAE",0,53086758840.4017,NA,10293718,53086758840.4017,0
"Portugal","PRT","Europe","Vitamin B12",0,2451955598.21615,NA,10293718,2451955598.21615,0
"Portugal","PRT","Europe","Zinc",0,548133778.97567,NA,10293718,548133778.97567,0
"Romania","ROU","Europe","Calcium",25740740.7458889,0,NA,19586539,25740740.7458889,0.0036005634985332
"Romania","ROU","Europe","DHA+EPA",2933333.33392,0,NA,19586539,2933333.33392,0.000410308818825654
"Romania","ROU","Europe","Iron",1200000.00024,0,NA,19586539,1200000.00024,0.000167853607701404
"Romania","ROU","Europe","Protein",63416666.67935,0,NA,19586539,63416666.67935,0.0088705969069978
"Romania","ROU","Europe","Vitamin A, RAE",34509803.9284706,0,NA,19586539,34509803.9284706,0.00482716257441946
"Romania","ROU","Europe","Vitamin B12",4196428.57226785,0,NA,19586539,4196428.57226785,0.000586988062646278
"Romania","ROU","Europe","Zinc",1990740.74113889,0,NA,19586539,1990740.74113889,0.000278460846109582
"Russia","RUS","Europe","Calcium",911562143844.185,49673660110.8649,NA,144495044,961235803955.05,17.2838490646085
"Russia","RUS","Europe","DHA+EPA",4373332369.93906,1238902347.75675,NA,144495044,5612234717.69581,0.0829214081583379
"Russia","RUS","Europe","Iron",16953085813.0039,942663417.970813,NA,144495044,17895749230.9747,0.321442238853438
"Russia","RUS","Europe","Protein",108133160591.374,34053282573.5241,NA,144495044,142186443164.898,2.05027955489542
"Russia","RUS","Europe","Vitamin A, RAE",3172609976626.56,18458999661.8128,NA,144495044,3191068976288.37,60.1548806597408
"Russia","RUS","Europe","Vitamin B12",17158848191.1586,2720103934.48482,NA,144495044,19878952125.6435,0.325343635934501
"Russia","RUS","Europe","Zinc",7436301203.95928,1067825897.72184,NA,144495044,8504127101.68112,0.140997416880629
"Saint Pierre & Miquelon","SPM","Americas","Calcium",65.551404,85685576.2392318,NA,NA,85685641.7906357,NA
"Saint Pierre & Miquelon","SPM","Americas","DHA+EPA",3.3124225417494,1567115.37035676,NA,NA,1567118.6827793,NA
"Saint Pierre & Miquelon","SPM","Americas","Iron",6.5551404,2777003.12460771,NA,NA,2777009.67974811,NA
"Saint Pierre & Miquelon","SPM","Americas","Protein",75.11098375,38859333.637965,NA,NA,38859408.7489487,NA
"Saint Pierre & Miquelon","SPM","Americas","Vitamin A, RAE",85.9643412105265,25812781.0243857,NA,NA,25812866.9887269,NA
"Saint Pierre & Miquelon","SPM","Americas","Vitamin B12",7.34932087153849,4031606.93936436,NA,NA,4031614.28868523,NA
"Saint Pierre & Miquelon","SPM","Americas","Zinc",2.1850468,1981640.26742536,NA,NA,1981642.45247216,NA
"Saudi Arabia","SAU","Asia","Calcium",0,35078672894.5023,NA,32938213,35078672894.5023,0
"Saudi Arabia","SAU","Asia","DHA+EPA",0,41178103.7807352,NA,32938213,41178103.7807352,0
"Saudi Arabia","SAU","Asia","Iron",0,356349992.218787,NA,32938213,356349992.218787,0
"Saudi Arabia","SAU","Asia","Protein",0,2618195233.07531,NA,32938213,2618195233.07531,0
"Saudi Arabia","SAU","Asia","Vitamin A, RAE",0,4895023051.28919,NA,32938213,4895023051.28919,0
"Saudi Arabia","SAU","Asia","Vitamin B12",0,518503007.995799,NA,32938213,518503007.995799,0
"Saudi Arabia","SAU","Asia","Zinc",0,393076863.671947,NA,32938213,393076863.671947,0
"Senegal","SEN","Africa","Calcium",86964929328.6795,150754977839.42,NA,15850567,237719907168.099,15.031644000656
"Senegal","SEN","Africa","DHA+EPA",571023279.719145,444212344.103134,NA,15850567,1015235623.82228,0.0986997715410614
"Senegal","SEN","Africa","Iron",1635004529.53773,1112768370.35713,NA,15850567,2747772899.89486,0.282605944915846
"Senegal","SEN","Africa","Protein",13680242229.7318,11870330606.8587,NA,15850567,25550572836.5906,2.36459148104263
"Senegal","SEN","Africa","Vitamin A, RAE",31513216693.7236,10881136344.3751,NA,15850567,42394353038.0987,5.44697107572268
"Senegal","SEN","Africa","Vitamin B12",1614324931.61145,1753561693.81807,NA,15850567,3367886625.42953,0.27903153444367
"Senegal","SEN","Africa","Zinc",681049283.983803,520658143.309568,NA,15850567,1201707427.29337,0.117717457632317
"Sierra Leone","SLE","Africa","Calcium",194773375946.054,471829791.329545,NA,7557212,195245205737.383,70.611448709317
"Sierra Leone","SLE","Africa","DHA+EPA",1259722277.88412,718504.747944444,NA,7557212,1260440782.63206,0.456688777820614
"Sierra Leone","SLE","Africa","Iron",2564173457.2566,5038191.32608695,NA,7557212,2569211648.58269,0.929593183254237
"Sierra Leone","SLE","Africa","Protein",28862038327.9184,48101203.7037037,NA,7557212,28910139531.6221,10.4633927975999
"Sierra Leone","SLE","Africa","Vitamin A, RAE",39916921609.1392,21537232.7586207,NA,7557212,39938458841.8978,14.4711342048013
"Sierra Leone","SLE","Africa","Vitamin B12",3889676308.80733,4022800,NA,7557212,3893699108.80733,1.4101294791505
"Sierra Leone","SLE","Africa","Zinc",2706159509.73764,3740857.75342465,NA,7557212,2709900367.49106,0.981067574009677
"Slovenia","SVN","Europe","Calcium",0,44548018.3595392,NA,2066748,44548018.3595392,0
"Slovenia","SVN","Europe","DHA+EPA",0,1045778.70056779,NA,2066748,1045778.70056779,0
"Slovenia","SVN","Europe","Iron",0,2531393.714834,NA,2066748,2531393.714834,0
"Slovenia","SVN","Europe","Protein",0,10963689.8557594,NA,2066748,10963689.8557594,0
"Slovenia","SVN","Europe","Vitamin A, RAE",0,109300119.763488,NA,2066748,109300119.763488,0
"Slovenia","SVN","Europe","Vitamin B12",0,3245412.81973289,NA,2066748,3245412.81973289,0
"Slovenia","SVN","Europe","Zinc",0,1063797.26412251,NA,2066748,1063797.26412251,0
"Somalia","SOM","Africa","Calcium",84572752001.1174,0,NA,14742523,84572752001.1174,15.7168599883531
"Somalia","SOM","Africa","DHA+EPA",478742056.525535,0,NA,14742523,478742056.525535,0.0889686299063396
"Somalia","SOM","Africa","Iron",1219614444.34407,0,NA,14742523,1219614444.34407,0.226651125900167
"Somalia","SOM","Africa","Protein",14533597954.9907,0,NA,14742523,14533597954.9907,2.70089974348459
"Somalia","SOM","Africa","Vitamin A, RAE",566963544038.774,0,NA,14742523,566963544038.774,105.363564851716
"Somalia","SOM","Africa","Vitamin B12",3380152684.75703,0,NA,14742523,3380152684.75703,0.628161969766339
"Somalia","SOM","Africa","Zinc",1104066385.01236,0,NA,14742523,1104066385.01236,0.205177866162581
"South Africa","ZAF","Africa","Calcium",0,59757532343.4317,NA,56717156,59757532343.4317,0
"South Africa","ZAF","Africa","DHA+EPA",0,458702354.234147,NA,56717156,458702354.234147,0
"South Africa","ZAF","Africa","Iron",0,1545460615.10754,NA,56717156,1545460615.10754,0
"South Africa","ZAF","Africa","Protein",0,24512244058.4045,NA,56717156,24512244058.4045,0
"South Africa","ZAF","Africa","Vitamin A, RAE",0,8155808270.82334,NA,56717156,8155808270.82334,0
"South Africa","ZAF","Africa","Vitamin B12",0,1080176506.4325,NA,56717156,1080176506.4325,0
"South Africa","ZAF","Africa","Zinc",0,735057106.583424,NA,56717156,735057106.583424,0
"South Georgia & Sandwich Isl.","SGS",NA,"Calcium",25272402.0343426,0,NA,NA,25272402.0343426,NA
"South Georgia & Sandwich Isl.","SGS",NA,"DHA+EPA",237478.344989632,0,NA,NA,237478.344989632,NA
"South Georgia & Sandwich Isl.","SGS",NA,"Iron",404184.518855833,0,NA,NA,404184.518855833,NA
"South Georgia & Sandwich Isl.","SGS",NA,"Protein",4358338.37956412,0,NA,NA,4358338.37956412,NA
"South Georgia & Sandwich Isl.","SGS",NA,"Vitamin A, RAE",134258072.112418,0,NA,NA,134258072.112418,NA
"South Georgia & Sandwich Isl.","SGS",NA,"Vitamin B12",502940.312568773,0,NA,NA,502940.312568773,NA
"South Georgia & Sandwich Isl.","SGS",NA,"Zinc",829340.108249054,0,NA,NA,829340.108249054,NA
"Spain","ESP","Europe","Calcium",6784972493.9157,86289075607.3029,NA,46572028,93074048101.2186,0.399144433580504
"Spain","ESP","Europe","DHA+EPA",58392575.9424745,726252067.893137,NA,46572028,784644643.835612,0.00343510186235327
"Spain","ESP","Europe","Iron",136964651.568517,2886604073.37631,NA,46572028,3023568724.94483,0.00805731759707058
"Spain","ESP","Europe","Protein",1360987838.24268,23513687877.6306,NA,46572028,24874675715.8733,0.0800638057549179
"Spain","ESP","Europe","Vitamin A, RAE",2477049951.2848,84912916101.6242,NA,46572028,87389966052.909,0.145719190555715
"Spain","ESP","Europe","Vitamin B12",139615752.011961,3421812559.34075,NA,46572028,3561428311.35271,0.00821327578051382
"Spain","ESP","Europe","Zinc",57533476.9145938,1581545336.33954,NA,46572028,1639078813.25413,0.00338456302889735
"Sri Lanka","LKA","Asia","Calcium",71376291648.9939,0,NA,21444000,71376291648.9939,9.11917011610923
"Sri Lanka","LKA","Asia","DHA+EPA",214610780.16584,0,NA,21444000,214610780.16584,0.0274190794711987
"Sri Lanka","LKA","Asia","Iron",738263283.191818,0,NA,21444000,738263283.191818,0.0943219143831552
"Sri Lanka","LKA","Asia","Protein",4755708358.17561,0,NA,21444000,4755708358.17561,0.607598301044787
"Sri Lanka","LKA","Asia","Vitamin A, RAE",7989776600.17828,0,NA,21444000,7989776600.17828,1.02078898081505
"Sri Lanka","LKA","Asia","Vitamin B12",1142674190.84616,0,NA,21444000,1142674190.84616,0.145990217379981
"Sri Lanka","LKA","Asia","Zinc",582863220.98823,0,NA,21444000,582863220.98823,0.0744677083078742
"Svalbard Isl.","SJM","Europe","Calcium",22554266820.8771,0,NA,NA,22554266820.8771,NA
"Svalbard Isl.","SJM","Europe","DHA+EPA",268518223.906042,0,NA,NA,268518223.906042,NA
"Svalbard Isl.","SJM","Europe","Iron",412134856.689152,0,NA,NA,412134856.689152,NA
"Svalbard Isl.","SJM","Europe","Protein",11507418941.2442,0,NA,NA,11507418941.2442,NA
"Svalbard Isl.","SJM","Europe","Vitamin A, RAE",6449968096.38374,0,NA,NA,6449968096.38374,NA
"Svalbard Isl.","SJM","Europe","Vitamin B12",895194131.164301,0,NA,NA,895194131.164301,NA
"Svalbard Isl.","SJM","Europe","Zinc",377722027.827151,0,NA,NA,377722027.827151,NA
"Sweden","SWE","Europe","Calcium",7791077250.15185,10468576461.5296,NA,10067744,18259653711.6814,2.1201787732886
"Sweden","SWE","Europe","DHA+EPA",71926089.1291211,265619749.170011,NA,10067744,337545838.299132,0.0195731812843024
"Sweden","SWE","Europe","Iron",213624759.173576,178872877.176297,NA,10067744,392497636.349873,0.0581335116193179
"Sweden","SWE","Europe","Protein",2091941193.16361,3183114979.491,NA,10067744,5275056172.65461,0.569278056205523
"Sweden","SWE","Europe","Vitamin A, RAE",2006411022.52579,3120310546.06346,NA,10067744,5126721568.58925,0.546002808580616
"Sweden","SWE","Europe","Vitamin B12",219427584.444617,1064449866.84954,NA,10067744,1283877451.29416,0.0597126291880115
"Sweden","SWE","Europe","Zinc",91605130.071487,137920744.826142,NA,10067744,229525874.897629,0.0249284208160204
"Syria","SYR","Asia","Calcium",0,1037819878.91045,NA,18269868,1037819878.91045,0
"Syria","SYR","Asia","DHA+EPA",0,11278706.0560567,NA,18269868,11278706.0560567,0
"Syria","SYR","Asia","Iron",0,24053614.0965217,NA,18269868,24053614.0965217,0
"Syria","SYR","Asia","Protein",0,224099083.953639,NA,18269868,224099083.953639,0
"Syria","SYR","Asia","Vitamin A, RAE",0,1473626969.10835,NA,18269868,1473626969.10835,0
"Syria","SYR","Asia","Vitamin B12",0,33638198.8647059,NA,18269868,33638198.8647059,0
"Syria","SYR","Asia","Zinc",0,10310785.5872295,NA,18269868,10310785.5872295,0
"Taiwan","TWN","Asia","Calcium",0,54431798722.9258,NA,NA,54431798722.9258,NA
"Taiwan","TWN","Asia","DHA+EPA",0,406851277.79168,NA,NA,406851277.79168,NA
"Taiwan","TWN","Asia","Iron",0,843135851.901639,NA,NA,843135851.901639,NA
"Taiwan","TWN","Asia","Protein",0,9808113100.72827,NA,NA,9808113100.72827,NA
"Taiwan","TWN","Asia","Vitamin A, RAE",0,32185517084.9776,NA,NA,32185517084.9776,NA
"Taiwan","TWN","Asia","Vitamin B12",0,1381030671.05278,NA,NA,1381030671.05278,NA
"Taiwan","TWN","Asia","Zinc",0,448455085.473284,NA,NA,448455085.473284,NA
"Thailand","THA","Asia","Calcium",0,852097555112.677,NA,69037513,852097555112.677,0
"Thailand","THA","Asia","DHA+EPA",0,3474049189.96269,NA,69037513,3474049189.96269,0
"Thailand","THA","Asia","Iron",0,9045092259.40933,NA,69037513,9045092259.40933,0
"Thailand","THA","Asia","Protein",0,108333520323.195,NA,69037513,108333520323.195,0
"Thailand","THA","Asia","Vitamin A, RAE",0,13277238403166.1,NA,69037513,13277238403166.1,0
"Thailand","THA","Asia","Vitamin B12",0,19165536585.4655,NA,69037513,19165536585.4655,0
"Thailand","THA","Asia","Zinc",0,8552362100.03776,NA,69037513,8552362100.03776,0
"Togo","TGO","Africa","Calcium",49450592241.431,176210824.359532,NA,7797694,49626803065.7906,17.3745051593532
"Togo","TGO","Africa","DHA+EPA",212674675.734119,2133822.24019341,NA,7797694,214808497.974313,0.0747234175228009
"Togo","TGO","Africa","Iron",653923351.714286,1814967.76430962,NA,7797694,655738319.478596,0.229756492959904
"Togo","TGO","Africa","Protein",5432189308.03929,22668678.8454504,NA,7797694,5454857986.88474,1.90860406076263
"Togo","TGO","Africa","Vitamin A, RAE",12237910397.1916,21218566.9937622,NA,7797694,12259128964.1854,4.2997996120573
"Togo","TGO","Africa","Vitamin B12",626367911.18856,3573014.64144806,NA,7797694,629940925.830008,0.220074866878561
"Togo","TGO","Africa","Zinc",260028908.044484,1462976.57222348,NA,7797694,261491884.616708,0.0913613649426564
"Trinidad & Tobago","TTO","Americas","Calcium",2175166663.92547,3648628660.74646,NA,1369125,5823795324.67193,4.352678333303
"Trinidad & Tobago","TTO","Americas","DHA+EPA",11947462.2286798,23035246.9309169,NA,1369125,34982709.1595967,0.0239078047871888
"Trinidad & Tobago","TTO","Americas","Iron",31733278.2988534,66573551.8456649,NA,1369125,98306830.1445183,0.0635007676362708
"Trinidad & Tobago","TTO","Americas","Protein",288354425.809348,537891622.409606,NA,1369125,826246048.218954,0.577019720993381
"Trinidad & Tobago","TTO","Americas","Vitamin A, RAE",722761349.496989,1453153456.62212,NA,1369125,2175914806.11911,1.44630189413944
"Trinidad & Tobago","TTO","Americas","Vitamin B12",38796048.2071432,61910974.8518661,NA,1369125,100707023.059009,0.0776339216895966
"Trinidad & Tobago","TTO","Americas","Zinc",15421735.0465173,29453180.3489565,NA,1369125,44874915.3954738,0.0308600959697382
"Tunisia","TUN","Africa","Calcium",2602339723.24582,27521739027.299,NA,11532127,30124078750.5448,0.618246562139521
"Tunisia","TUN","Africa","DHA+EPA",19963468.039068,178820537.869305,NA,11532127,198784005.908373,0.00474278795089128
"Tunisia","TUN","Africa","Iron",164772053.405564,960097524.990596,NA,11532127,1124869578.39616,0.0391454484764967
"Tunisia","TUN","Africa","Protein",736115367.971716,5333092634.34798,NA,11532127,6069208002.3197,0.174881392894756
"Tunisia","TUN","Africa","Vitamin A, RAE",26158339746.5154,6480937058.67936,NA,11532127,32639276805.1948,6.21452436632276
"Tunisia","TUN","Africa","Vitamin B12",111782476.968125,699562203.910866,NA,11532127,811344680.878991,0.026556537363533
"Tunisia","TUN","Africa","Zinc",60087267.8923283,416937122.871905,NA,11532127,477024390.764233,0.0142751334389401
"Turkey","TUR","Asia","Calcium",0,104613182068.756,NA,80745020,104613182068.756,0
"Turkey","TUR","Asia","DHA+EPA",0,2487268779.48494,NA,80745020,2487268779.48494,0
"Turkey","TUR","Asia","Iron",0,2486919745.96574,NA,80745020,2486919745.96574,0
"Turkey","TUR","Asia","Protein",0,22865586978.1648,NA,80745020,22865586978.1648,0
"Turkey","TUR","Asia","Vitamin A, RAE",0,18523821315.2861,NA,80745020,18523821315.2861,0
"Turkey","TUR","Asia","Vitamin B12",0,2684710670.93473,NA,80745020,2684710670.93473,0
"Turkey","TUR","Asia","Zinc",0,1719625876.00384,NA,80745020,1719625876.00384,0
"Ukraine","UKR","Europe","Calcium",25740740.7458889,124104343892.766,NA,44831159,124130084633.512,0.00157307058213679
"Ukraine","UKR","Europe","DHA+EPA",2933333.33392,80036108.7883228,NA,44831159,82969442.1222428,0.000179262144036308
"Ukraine","UKR","Europe","Iron",1200000.00024,911703783.3144,NA,44831159,912903783.31464,7.33345134693985e-05
"Ukraine","UKR","Europe","Protein",63416666.67935,5636815167.288,NA,44831159,5700231833.96735,0.00387552532987585
"Ukraine","UKR","Europe","Vitamin A, RAE",34509803.9284706,4679794051.57488,NA,44831159,4714303855.50335,0.00210896640042715
"Ukraine","UKR","Europe","Vitamin B12",4196428.57226785,881162727.424444,NA,44831159,885359155.996712,0.000256452539662331
"Ukraine","UKR","Europe","Zinc",1990740.74113889,697019841.23708,NA,44831159,699010581.978219,0.000121658336388277
"United Kingdom","GBR","Europe","Calcium",325854860151.923,39431016243.3916,NA,66022273,365285876395.315,13.5219979704746
"United Kingdom","GBR","Europe","DHA+EPA",2409375456.70584,763092463.187539,NA,66022273,3172467919.89338,0.0999818447406251
"United Kingdom","GBR","Europe","Iron",6819745636.82168,1562420348.04674,NA,66022273,8382165984.86842,0.282998960387645
"United Kingdom","GBR","Europe","Protein",80081433922.1008,18889317354.8624,NA,66022273,98970751276.9631,3.32313897807901
"United Kingdom","GBR","Europe","Vitamin A, RAE",122931367344.89,13580113798.4903,NA,66022273,136511481143.38,5.10128251262008
"United Kingdom","GBR","Europe","Vitamin B12",11141624188.0428,1679100275.54615,NA,66022273,12820724463.589,0.462343939225778
"United Kingdom","GBR","Europe","Zinc",3228627334.03577,790320955.093433,NA,66022273,4018948289.1292,0.133978336974615
"Uruguay","URY","Americas","Calcium",0,26555681964.4777,NA,3456750,26555681964.4777,0
"Uruguay","URY","Americas","DHA+EPA",0,152714949.868327,NA,3456750,152714949.868327,0
"Uruguay","URY","Americas","Iron",0,552745975.157904,NA,3456750,552745975.157904,0
"Uruguay","URY","Americas","Protein",0,8826054256.75949,NA,3456750,8826054256.75949,0
"Uruguay","URY","Americas","Vitamin A, RAE",0,9147878989.10517,NA,3456750,9147878989.10517,0
"Uruguay","URY","Americas","Vitamin B12",0,704781563.053229,NA,3456750,704781563.053229,0
"Uruguay","URY","Americas","Zinc",0,219007033.330821,NA,3456750,219007033.330821,0
"USA","USA","Americas","Calcium",103849107264.124,396574718804.226,NA,325719178,500423826068.35,0.873507368649601
"USA","USA","Americas","DHA+EPA",556640318.055582,5494911400.27209,NA,325719178,6051551718.32768,0.0046820760651544
"USA","USA","Americas","Iron",1884733618.14987,15926467870.6928,NA,325719178,17811201488.8427,0.0158530847955039
"USA","USA","Americas","Protein",13496053191.7949,153574779957.188,NA,325719178,167070833148.983,0.113519530608352
"USA","USA","Americas","Vitamin A, RAE",68379777967.3011,1909222525686.96,NA,325719178,1977602303654.26,0.575163730287507
"USA","USA","Americas","Vitamin B12",2226103550.68243,24725288709.2007,NA,325719178,26951392259.8832,0.0187244542213787
"USA","USA","Americas","Zinc",1007891455.13617,8459161416.08201,NA,325719178,9467052871.21818,0.00847769071929763
"Venezuela","VEN","Americas","Calcium",410396430.546074,58817520.3527519,NA,31977065,469213950.898826,0.0351618818774647
"Venezuela","VEN","Americas","DHA+EPA",886997.202457296,379789.769300303,NA,31977065,1266786.9717576,7.59960090709016e-05
"Venezuela","VEN","Americas","Iron",4666788.31836098,1082005.24488724,NA,31977065,5748793.56324823,0.000399840367468593
"Venezuela","VEN","Americas","Protein",42539986.7861491,8958748.42928183,NA,31977065,51498735.2154309,0.00364473440583581
"Venezuela","VEN","Americas","Vitamin A, RAE",114844610.660334,15890968.1917274,NA,31977065,130735578.852062,0.00983963878274702
"Venezuela","VEN","Americas","Vitamin B12",4554122.17957338,1036333.99920002,NA,31977065,5590456.1787734,0.000390187375461892
"Venezuela","VEN","Americas","Zinc",3588492.17136768,448319.938779389,NA,31977065,4036812.11014707,0.000307454277026592
"Viet Nam","VNM","Asia","Calcium",315988144230.951,3552023091678.13,NA,95540800,3868011235909.08,9.06126956335406
"Viet Nam","VNM","Asia","DHA+EPA",2501822326.08272,17557675493.8211,NA,95540800,20059497819.9038,0.0717422058711292
"Viet Nam","VNM","Asia","Iron",8378995682.11468,46945018489.5466,NA,95540800,55324014171.6613,0.24027590886552
"Viet Nam","VNM","Asia","Protein",55671821066.2507,493502478661.638,NA,95540800,549174299727.889,1.596444002644
"Viet Nam","VNM","Asia","Vitamin A, RAE",2881671915609.31,55560758603037.1,NA,95540800,58442430518646.4,82.6347649340862
"Viet Nam","VNM","Asia","Vitamin B12",10135700733.5996,71723921375.1509,NA,95540800,81859622108.7505,0.290651147004759
"Viet Nam","VNM","Asia","Zinc",6090958468.24985,35685886583.8004,NA,95540800,41776845052.0503,0.174664200501355
"Yemen","YEM","Asia","Calcium",16214720656.7132,5699301459.37958,NA,28250420,21914022116.0928,1.57250377906499
"Yemen","YEM","Asia","DHA+EPA",30726398.6925919,9122036.53878891,NA,28250420,39848435.2313808,0.00297984646692966
"Yemen","YEM","Asia","Iron",218216492.352106,78186550.9171417,NA,28250420,296403043.269248,0.0211626377131526
"Yemen","YEM","Asia","Protein",2557533408.54841,558447089.751969,NA,28250420,3115980498.30038,0.24802961673979
"Yemen","YEM","Asia","Vitamin A, RAE",756205984072.689,23508167644.0227,NA,28250420,779714151716.712,73.3368642532573
"Yemen","YEM","Asia","Vitamin B12",288736948.991836,89987523.8867845,NA,28250420,378724472.878621,0.0280017123364612
"Yemen","YEM","Asia","Zinc",227363087.664971,56587147.9259639,NA,28250420,283950235.590934,0.022049674622364
